case_id,claim_id,claim_text,claim_type_guess,confidence,evidence_ids,priority,recommended_review_action
AAPL:2025Q4:bm25_template,cl_0006,AAPL return on assets (ROA) is around 29.7%.,direct_factual_extraction,0.72,"[""57867d7a18d8f858""]",P0,核对高信任证据是否直接支撑并优先回填阈值误杀标签
AAPL:2025Q4:reranker_template,cl_0006,AAPL return on assets (ROA) is around 29.7%.,direct_factual_extraction,0.72,"[""57867d7a18d8f858""]",P0,核对高信任证据是否直接支撑并优先回填阈值误杀标签
GOOGL:2025Q4:bm25_real_writer,cl_0006,GOOGL return on assets (ROA) is around 15.4%.,direct_factual_extraction,0.72,"[""a51cd0bede664576""]",P0,核对高信任证据是否直接支撑并优先回填阈值误杀标签
GOOGL:2025Q4:bm25_template,cl_0006,GOOGL return on assets (ROA) is around 15.4%.,direct_factual_extraction,0.72,"[""a51cd0bede664576""]",P0,核对高信任证据是否直接支撑并优先回填阈值误杀标签
GOOGL:2025Q4:reranker_template,cl_0006,GOOGL return on assets (ROA) is around 15.4%.,direct_factual_extraction,0.72,"[""a51cd0bede664576""]",P0,核对高信任证据是否直接支撑并优先回填阈值误杀标签
MSFT:2025Q4:bm25_real_writer,cl_0006,MSFT return on assets (ROA) is around 18.2%.,direct_factual_extraction,0.72,"[""8ddc653c96d1e8f2""]",P0,核对高信任证据是否直接支撑并优先回填阈值误杀标签
MSFT:2025Q4:bm25_template,cl_0006,MSFT return on assets (ROA) is around 18.2%.,direct_factual_extraction,0.72,"[""8ddc653c96d1e8f2""]",P0,核对高信任证据是否直接支撑并优先回填阈值误杀标签
MSFT:2025Q4:reranker_template,cl_0006,MSFT return on assets (ROA) is around 18.2%.,direct_factual_extraction,0.72,"[""8ddc653c96d1e8f2""]",P0,核对高信任证据是否直接支撑并优先回填阈值误杀标签
NVDA:2025Q4:bm25_real_writer,cl_0006,NVDA return on assets (ROA) is around 44.1%.,direct_factual_extraction,0.72,"[""146fa48b0d7d49b0""]",P0,核对高信任证据是否直接支撑并优先回填阈值误杀标签
NVDA:2025Q4:bm25_template,cl_0006,NVDA return on assets (ROA) is around 44.1%.,direct_factual_extraction,0.72,"[""146fa48b0d7d49b0""]",P0,核对高信任证据是否直接支撑并优先回填阈值误杀标签
NVDA:2025Q4:reranker_template,cl_0006,NVDA return on assets (ROA) is around 44.1%.,direct_factual_extraction,0.72,"[""146fa48b0d7d49b0""]",P0,核对高信任证据是否直接支撑并优先回填阈值误杀标签
TSLA:2025Q4:bm25_real_writer,cl_0006,TSLA return on assets (ROA) is around 8.6%.,direct_factual_extraction,0.72,"[""cc9c349d70f324e4""]",P0,核对高信任证据是否直接支撑并优先回填阈值误杀标签
TSLA:2025Q4:bm25_template,cl_0006,TSLA return on assets (ROA) is around 8.6%.,direct_factual_extraction,0.72,"[""cc9c349d70f324e4""]",P0,核对高信任证据是否直接支撑并优先回填阈值误杀标签
TSLA:2025Q4:reranker_template,cl_0006,TSLA return on assets (ROA) is around 8.6%.,direct_factual_extraction,0.72,"[""cc9c349d70f324e4""]",P0,核对高信任证据是否直接支撑并优先回填阈值误杀标签
AAPL:2025Q4:bm25_template,cl_0005,AAPL return on equity (ROE) is around 132.4%.,direct_factual_extraction,0.73,"[""57867d7a18d8f858""]",P0,核对高信任证据是否直接支撑并优先回填阈值误杀标签
AAPL:2025Q4:reranker_template,cl_0005,AAPL return on equity (ROE) is around 132.4%.,direct_factual_extraction,0.73,"[""57867d7a18d8f858""]",P0,核对高信任证据是否直接支撑并优先回填阈值误杀标签
GOOGL:2025Q4:bm25_real_writer,cl_0005,GOOGL return on equity (ROE) is around 33.1%.,direct_factual_extraction,0.73,"[""a51cd0bede664576""]",P0,核对高信任证据是否直接支撑并优先回填阈值误杀标签
GOOGL:2025Q4:bm25_template,cl_0005,GOOGL return on equity (ROE) is around 33.1%.,direct_factual_extraction,0.73,"[""a51cd0bede664576""]",P0,核对高信任证据是否直接支撑并优先回填阈值误杀标签
GOOGL:2025Q4:reranker_template,cl_0005,GOOGL return on equity (ROE) is around 33.1%.,direct_factual_extraction,0.73,"[""a51cd0bede664576""]",P0,核对高信任证据是否直接支撑并优先回填阈值误杀标签
MSFT:2025Q4:bm25_real_writer,cl_0005,MSFT return on equity (ROE) is around 41.7%.,direct_factual_extraction,0.73,"[""8ddc653c96d1e8f2""]",P0,核对高信任证据是否直接支撑并优先回填阈值误杀标签
MSFT:2025Q4:bm25_template,cl_0005,MSFT return on equity (ROE) is around 41.7%.,direct_factual_extraction,0.73,"[""8ddc653c96d1e8f2""]",P0,核对高信任证据是否直接支撑并优先回填阈值误杀标签
MSFT:2025Q4:reranker_template,cl_0005,MSFT return on equity (ROE) is around 41.7%.,direct_factual_extraction,0.73,"[""8ddc653c96d1e8f2""]",P0,核对高信任证据是否直接支撑并优先回填阈值误杀标签
NVDA:2025Q4:bm25_real_writer,cl_0005,NVDA return on equity (ROE) is around 96.2%.,direct_factual_extraction,0.73,"[""146fa48b0d7d49b0""]",P0,核对高信任证据是否直接支撑并优先回填阈值误杀标签
NVDA:2025Q4:bm25_template,cl_0005,NVDA return on equity (ROE) is around 96.2%.,direct_factual_extraction,0.73,"[""146fa48b0d7d49b0""]",P0,核对高信任证据是否直接支撑并优先回填阈值误杀标签
NVDA:2025Q4:reranker_template,cl_0005,NVDA return on equity (ROE) is around 96.2%.,direct_factual_extraction,0.73,"[""146fa48b0d7d49b0""]",P0,核对高信任证据是否直接支撑并优先回填阈值误杀标签
TSLA:2025Q4:bm25_real_writer,cl_0005,TSLA return on equity (ROE) is around 15.2%.,direct_factual_extraction,0.73,"[""cc9c349d70f324e4""]",P0,核对高信任证据是否直接支撑并优先回填阈值误杀标签
TSLA:2025Q4:bm25_template,cl_0005,TSLA return on equity (ROE) is around 15.2%.,direct_factual_extraction,0.73,"[""cc9c349d70f324e4""]",P0,核对高信任证据是否直接支撑并优先回填阈值误杀标签
TSLA:2025Q4:reranker_template,cl_0005,TSLA return on equity (ROE) is around 15.2%.,direct_factual_extraction,0.73,"[""cc9c349d70f324e4""]",P0,核对高信任证据是否直接支撑并优先回填阈值误杀标签
AAPL:2025Q4:bm25_template,cl_0004,AAPL net margin is approximately 24.6%.,direct_factual_extraction,0.74,"[""57867d7a18d8f858""]",P0,核对高信任证据是否直接支撑并优先回填阈值误杀标签
AAPL:2025Q4:reranker_template,cl_0004,AAPL net margin is approximately 24.6%.,direct_factual_extraction,0.74,"[""57867d7a18d8f858""]",P0,核对高信任证据是否直接支撑并优先回填阈值误杀标签
GOOGL:2025Q4:bm25_real_writer,cl_0004,GOOGL net margin is approximately 28.9%.,direct_factual_extraction,0.74,"[""a51cd0bede664576""]",P0,核对高信任证据是否直接支撑并优先回填阈值误杀标签
GOOGL:2025Q4:bm25_template,cl_0004,GOOGL net margin is approximately 28.9%.,direct_factual_extraction,0.74,"[""a51cd0bede664576""]",P0,核对高信任证据是否直接支撑并优先回填阈值误杀标签
GOOGL:2025Q4:reranker_template,cl_0004,GOOGL net margin is approximately 28.9%.,direct_factual_extraction,0.74,"[""a51cd0bede664576""]",P0,核对高信任证据是否直接支撑并优先回填阈值误杀标签
MSFT:2025Q4:bm25_real_writer,cl_0004,MSFT net margin is approximately 36.4%.,direct_factual_extraction,0.74,"[""8ddc653c96d1e8f2""]",P0,核对高信任证据是否直接支撑并优先回填阈值误杀标签
MSFT:2025Q4:bm25_template,cl_0004,MSFT net margin is approximately 36.4%.,direct_factual_extraction,0.74,"[""8ddc653c96d1e8f2""]",P0,核对高信任证据是否直接支撑并优先回填阈值误杀标签
MSFT:2025Q4:reranker_template,cl_0004,MSFT net margin is approximately 36.4%.,direct_factual_extraction,0.74,"[""8ddc653c96d1e8f2""]",P0,核对高信任证据是否直接支撑并优先回填阈值误杀标签
NVDA:2025Q4:bm25_real_writer,cl_0004,NVDA net margin is approximately 52.4%.,direct_factual_extraction,0.74,"[""146fa48b0d7d49b0""]",P0,核对高信任证据是否直接支撑并优先回填阈值误杀标签
NVDA:2025Q4:bm25_template,cl_0004,NVDA net margin is approximately 52.4%.,direct_factual_extraction,0.74,"[""146fa48b0d7d49b0""]",P0,核对高信任证据是否直接支撑并优先回填阈值误杀标签
NVDA:2025Q4:reranker_template,cl_0004,NVDA net margin is approximately 52.4%.,direct_factual_extraction,0.74,"[""146fa48b0d7d49b0""]",P0,核对高信任证据是否直接支撑并优先回填阈值误杀标签
TSLA:2025Q4:bm25_real_writer,cl_0004,TSLA net margin is approximately 7.8%.,direct_factual_extraction,0.74,"[""cc9c349d70f324e4""]",P0,核对高信任证据是否直接支撑并优先回填阈值误杀标签
TSLA:2025Q4:bm25_template,cl_0004,TSLA net margin is approximately 7.8%.,direct_factual_extraction,0.74,"[""cc9c349d70f324e4""]",P0,核对高信任证据是否直接支撑并优先回填阈值误杀标签
TSLA:2025Q4:reranker_template,cl_0004,TSLA net margin is approximately 7.8%.,direct_factual_extraction,0.74,"[""cc9c349d70f324e4""]",P0,核对高信任证据是否直接支撑并优先回填阈值误杀标签
AAPL:2025Q4:bm25_template,cl_0010,AAPL has a low risk signal level with ratio 0.00.,derived_aggregated,0.7,"[""2df4aaa2d036460b"", ""325dacc7e125bcea"", ""51e2d60dd503ed55"", ""57867d7a18d8f858"", ""6a0352640594b75d"", ""c9d82f339472b002""]",P1,按 derived 口径做人工语义复核，避免直接放宽规则
AAPL:2025Q4:reranker_template,cl_0010,AAPL has a low risk signal level with ratio 0.00.,derived_aggregated,0.7,"[""2df4aaa2d036460b"", ""325dacc7e125bcea"", ""51e2d60dd503ed55"", ""57867d7a18d8f858"", ""6a0352640594b75d"", ""c9d82f339472b002""]",P1,按 derived 口径做人工语义复核，避免直接放宽规则
GOOGL:2025Q4:bm25_real_writer,cl_0010,GOOGL has a low risk signal level with ratio 0.00.,derived_aggregated,0.7,"[""5a3c0aaf866a2f5e"", ""8a58c73d140c74ea"", ""954083df0399847f"", ""a51cd0bede664576"", ""b34424bc97499a34"", ""b517b1534a0547bd""]",P1,按 derived 口径做人工语义复核，避免直接放宽规则
GOOGL:2025Q4:bm25_template,cl_0010,GOOGL has a low risk signal level with ratio 0.00.,derived_aggregated,0.7,"[""5a3c0aaf866a2f5e"", ""8a58c73d140c74ea"", ""954083df0399847f"", ""a51cd0bede664576"", ""b34424bc97499a34"", ""b517b1534a0547bd""]",P1,按 derived 口径做人工语义复核，避免直接放宽规则
GOOGL:2025Q4:reranker_template,cl_0010,GOOGL has a low risk signal level with ratio 0.00.,derived_aggregated,0.7,"[""5a3c0aaf866a2f5e"", ""8a58c73d140c74ea"", ""954083df0399847f"", ""a51cd0bede664576"", ""b34424bc97499a34"", ""b517b1534a0547bd""]",P1,按 derived 口径做人工语义复核，避免直接放宽规则
MSFT:2025Q4:bm25_real_writer,cl_0010,MSFT has a low risk signal level with ratio 0.00.,derived_aggregated,0.7,"[""068f443c227bf863"", ""4b0a5e874323bad3"", ""534f0798a3b93e1a"", ""8ddc653c96d1e8f2"", ""8ed238e779bee6a0"", ""c72476ed1fa64360""]",P1,按 derived 口径做人工语义复核，避免直接放宽规则
MSFT:2025Q4:bm25_template,cl_0010,MSFT has a low risk signal level with ratio 0.00.,derived_aggregated,0.7,"[""068f443c227bf863"", ""4b0a5e874323bad3"", ""534f0798a3b93e1a"", ""8ddc653c96d1e8f2"", ""8ed238e779bee6a0"", ""c72476ed1fa64360""]",P1,按 derived 口径做人工语义复核，避免直接放宽规则
MSFT:2025Q4:reranker_template,cl_0010,MSFT has a low risk signal level with ratio 0.00.,derived_aggregated,0.7,"[""068f443c227bf863"", ""4b0a5e874323bad3"", ""534f0798a3b93e1a"", ""8ddc653c96d1e8f2"", ""8ed238e779bee6a0"", ""c72476ed1fa64360""]",P1,按 derived 口径做人工语义复核，避免直接放宽规则
NVDA:2025Q4:bm25_real_writer,cl_0010,NVDA has a low risk signal level with ratio 0.00.,derived_aggregated,0.7,"[""146fa48b0d7d49b0"", ""2898d4a68282a114"", ""555c227d7718d9fe"", ""64282ae95bea2c9f"", ""cec1408afefedaab"", ""fa921300c2e315e0""]",P1,按 derived 口径做人工语义复核，避免直接放宽规则
NVDA:2025Q4:bm25_template,cl_0010,NVDA has a low risk signal level with ratio 0.00.,derived_aggregated,0.7,"[""146fa48b0d7d49b0"", ""2898d4a68282a114"", ""555c227d7718d9fe"", ""64282ae95bea2c9f"", ""cec1408afefedaab"", ""fa921300c2e315e0""]",P1,按 derived 口径做人工语义复核，避免直接放宽规则
NVDA:2025Q4:reranker_template,cl_0010,NVDA has a low risk signal level with ratio 0.00.,derived_aggregated,0.7,"[""146fa48b0d7d49b0"", ""2898d4a68282a114"", ""555c227d7718d9fe"", ""64282ae95bea2c9f"", ""cec1408afefedaab"", ""fa921300c2e315e0""]",P1,按 derived 口径做人工语义复核，避免直接放宽规则
TSLA:2025Q4:bm25_real_writer,cl_0010,TSLA has a low risk signal level with ratio 0.00.,derived_aggregated,0.7,"[""0b890f4f667144bf"", ""64faa4f34f54c1c9"", ""926a1c3427ff800a"", ""c6e15c4f02099979"", ""cc9c349d70f324e4"", ""d3c148c4ac4747f0""]",P1,按 derived 口径做人工语义复核，避免直接放宽规则
TSLA:2025Q4:bm25_template,cl_0010,TSLA has a low risk signal level with ratio 0.00.,derived_aggregated,0.7,"[""0b890f4f667144bf"", ""64faa4f34f54c1c9"", ""926a1c3427ff800a"", ""c6e15c4f02099979"", ""cc9c349d70f324e4"", ""d3c148c4ac4747f0""]",P1,按 derived 口径做人工语义复核，避免直接放宽规则
TSLA:2025Q4:reranker_template,cl_0010,TSLA has a low risk signal level with ratio 0.00.,derived_aggregated,0.7,"[""0b890f4f667144bf"", ""64faa4f34f54c1c9"", ""926a1c3427ff800a"", ""c6e15c4f02099979"", ""cc9c349d70f324e4"", ""d3c148c4ac4747f0""]",P1,按 derived 口径做人工语义复核，避免直接放宽规则
AAPL:2025Q4:bm25_template,cl_0009,AAPL ranks #1 by average trust-weighted evidence quality in current peer set.,derived_aggregated,0.72,"[""2df4aaa2d036460b"", ""325dacc7e125bcea"", ""51e2d60dd503ed55"", ""57867d7a18d8f858"", ""6a0352640594b75d"", ""c9d82f339472b002""]",P1,按 derived 口径做人工语义复核，避免直接放宽规则
AAPL:2025Q4:reranker_template,cl_0009,AAPL ranks #1 by average trust-weighted evidence quality in current peer set.,derived_aggregated,0.72,"[""2df4aaa2d036460b"", ""325dacc7e125bcea"", ""51e2d60dd503ed55"", ""57867d7a18d8f858"", ""6a0352640594b75d"", ""c9d82f339472b002""]",P1,按 derived 口径做人工语义复核，避免直接放宽规则
GOOGL:2025Q4:bm25_real_writer,cl_0009,GOOGL ranks #1 by average trust-weighted evidence quality in current peer set.,derived_aggregated,0.72,"[""5a3c0aaf866a2f5e"", ""8a58c73d140c74ea"", ""954083df0399847f"", ""a51cd0bede664576"", ""b34424bc97499a34"", ""b517b1534a0547bd""]",P1,按 derived 口径做人工语义复核，避免直接放宽规则
GOOGL:2025Q4:bm25_template,cl_0009,GOOGL ranks #1 by average trust-weighted evidence quality in current peer set.,derived_aggregated,0.72,"[""5a3c0aaf866a2f5e"", ""8a58c73d140c74ea"", ""954083df0399847f"", ""a51cd0bede664576"", ""b34424bc97499a34"", ""b517b1534a0547bd""]",P1,按 derived 口径做人工语义复核，避免直接放宽规则
GOOGL:2025Q4:reranker_template,cl_0009,GOOGL ranks #1 by average trust-weighted evidence quality in current peer set.,derived_aggregated,0.72,"[""5a3c0aaf866a2f5e"", ""8a58c73d140c74ea"", ""954083df0399847f"", ""a51cd0bede664576"", ""b34424bc97499a34"", ""b517b1534a0547bd""]",P1,按 derived 口径做人工语义复核，避免直接放宽规则
MSFT:2025Q4:bm25_real_writer,cl_0009,MSFT ranks #1 by average trust-weighted evidence quality in current peer set.,derived_aggregated,0.72,"[""068f443c227bf863"", ""4b0a5e874323bad3"", ""534f0798a3b93e1a"", ""8ddc653c96d1e8f2"", ""8ed238e779bee6a0"", ""c72476ed1fa64360""]",P1,按 derived 口径做人工语义复核，避免直接放宽规则
MSFT:2025Q4:bm25_template,cl_0009,MSFT ranks #1 by average trust-weighted evidence quality in current peer set.,derived_aggregated,0.72,"[""068f443c227bf863"", ""4b0a5e874323bad3"", ""534f0798a3b93e1a"", ""8ddc653c96d1e8f2"", ""8ed238e779bee6a0"", ""c72476ed1fa64360""]",P1,按 derived 口径做人工语义复核，避免直接放宽规则
MSFT:2025Q4:reranker_template,cl_0009,MSFT ranks #1 by average trust-weighted evidence quality in current peer set.,derived_aggregated,0.72,"[""068f443c227bf863"", ""4b0a5e874323bad3"", ""534f0798a3b93e1a"", ""8ddc653c96d1e8f2"", ""8ed238e779bee6a0"", ""c72476ed1fa64360""]",P1,按 derived 口径做人工语义复核，避免直接放宽规则
NVDA:2025Q4:bm25_real_writer,cl_0009,NVDA ranks #1 by average trust-weighted evidence quality in current peer set.,derived_aggregated,0.72,"[""146fa48b0d7d49b0"", ""2898d4a68282a114"", ""555c227d7718d9fe"", ""64282ae95bea2c9f"", ""cec1408afefedaab"", ""fa921300c2e315e0""]",P1,按 derived 口径做人工语义复核，避免直接放宽规则
NVDA:2025Q4:bm25_template,cl_0009,NVDA ranks #1 by average trust-weighted evidence quality in current peer set.,derived_aggregated,0.72,"[""146fa48b0d7d49b0"", ""2898d4a68282a114"", ""555c227d7718d9fe"", ""64282ae95bea2c9f"", ""cec1408afefedaab"", ""fa921300c2e315e0""]",P1,按 derived 口径做人工语义复核，避免直接放宽规则
NVDA:2025Q4:reranker_template,cl_0009,NVDA ranks #1 by average trust-weighted evidence quality in current peer set.,derived_aggregated,0.72,"[""146fa48b0d7d49b0"", ""2898d4a68282a114"", ""555c227d7718d9fe"", ""64282ae95bea2c9f"", ""cec1408afefedaab"", ""fa921300c2e315e0""]",P1,按 derived 口径做人工语义复核，避免直接放宽规则
TSLA:2025Q4:bm25_real_writer,cl_0009,TSLA ranks #1 by average trust-weighted evidence quality in current peer set.,derived_aggregated,0.72,"[""0b890f4f667144bf"", ""64faa4f34f54c1c9"", ""926a1c3427ff800a"", ""c6e15c4f02099979"", ""cc9c349d70f324e4"", ""d3c148c4ac4747f0""]",P1,按 derived 口径做人工语义复核，避免直接放宽规则
TSLA:2025Q4:bm25_template,cl_0009,TSLA ranks #1 by average trust-weighted evidence quality in current peer set.,derived_aggregated,0.72,"[""0b890f4f667144bf"", ""64faa4f34f54c1c9"", ""926a1c3427ff800a"", ""c6e15c4f02099979"", ""cc9c349d70f324e4"", ""d3c148c4ac4747f0""]",P1,按 derived 口径做人工语义复核，避免直接放宽规则
TSLA:2025Q4:reranker_template,cl_0009,TSLA ranks #1 by average trust-weighted evidence quality in current peer set.,derived_aggregated,0.72,"[""0b890f4f667144bf"", ""64faa4f34f54c1c9"", ""926a1c3427ff800a"", ""c6e15c4f02099979"", ""cc9c349d70f324e4"", ""d3c148c4ac4747f0""]",P1,按 derived 口径做人工语义复核，避免直接放宽规则
AAPL:2025Q4:bm25_template,cl_0007,AAPL operating cash flow is estimated near 38.1B.,direct_factual_extraction,0.75,"[""57867d7a18d8f858""]",P1,做边界复核，确认是否属于 near_threshold_boundary
AAPL:2025Q4:reranker_template,cl_0007,AAPL operating cash flow is estimated near 38.1B.,direct_factual_extraction,0.75,"[""57867d7a18d8f858""]",P1,做边界复核，确认是否属于 near_threshold_boundary
GOOGL:2025Q4:bm25_real_writer,cl_0007,GOOGL operating cash flow is estimated near 29.5B.,direct_factual_extraction,0.75,"[""a51cd0bede664576""]",P1,做边界复核，确认是否属于 near_threshold_boundary
GOOGL:2025Q4:bm25_template,cl_0007,GOOGL operating cash flow is estimated near 29.5B.,direct_factual_extraction,0.75,"[""a51cd0bede664576""]",P1,做边界复核，确认是否属于 near_threshold_boundary
GOOGL:2025Q4:reranker_template,cl_0007,GOOGL operating cash flow is estimated near 29.5B.,direct_factual_extraction,0.75,"[""a51cd0bede664576""]",P1,做边界复核，确认是否属于 near_threshold_boundary
MSFT:2025Q4:bm25_real_writer,cl_0007,MSFT operating cash flow is estimated near 33.6B.,direct_factual_extraction,0.75,"[""8ddc653c96d1e8f2""]",P1,做边界复核，确认是否属于 near_threshold_boundary
MSFT:2025Q4:bm25_template,cl_0007,MSFT operating cash flow is estimated near 33.6B.,direct_factual_extraction,0.75,"[""8ddc653c96d1e8f2""]",P1,做边界复核，确认是否属于 near_threshold_boundary
MSFT:2025Q4:reranker_template,cl_0007,MSFT operating cash flow is estimated near 33.6B.,direct_factual_extraction,0.75,"[""8ddc653c96d1e8f2""]",P1,做边界复核，确认是否属于 near_threshold_boundary
NVDA:2025Q4:bm25_real_writer,cl_0007,NVDA operating cash flow is estimated near 19.8B.,direct_factual_extraction,0.75,"[""146fa48b0d7d49b0""]",P1,做边界复核，确认是否属于 near_threshold_boundary
NVDA:2025Q4:bm25_template,cl_0007,NVDA operating cash flow is estimated near 19.8B.,direct_factual_extraction,0.75,"[""146fa48b0d7d49b0""]",P1,做边界复核，确认是否属于 near_threshold_boundary
NVDA:2025Q4:reranker_template,cl_0007,NVDA operating cash flow is estimated near 19.8B.,direct_factual_extraction,0.75,"[""146fa48b0d7d49b0""]",P1,做边界复核，确认是否属于 near_threshold_boundary
TSLA:2025Q4:bm25_real_writer,cl_0007,TSLA operating cash flow is estimated near 6.3B.,direct_factual_extraction,0.75,"[""cc9c349d70f324e4""]",P1,做边界复核，确认是否属于 near_threshold_boundary
TSLA:2025Q4:bm25_template,cl_0007,TSLA operating cash flow is estimated near 6.3B.,direct_factual_extraction,0.75,"[""cc9c349d70f324e4""]",P1,做边界复核，确认是否属于 near_threshold_boundary
TSLA:2025Q4:reranker_template,cl_0007,TSLA operating cash flow is estimated near 6.3B.,direct_factual_extraction,0.75,"[""cc9c349d70f324e4""]",P1,做边界复核，确认是否属于 near_threshold_boundary
AAPL:2025Q4:bm25_template,cl_0003,AAPL revenue growth is estimated near 11.2% in the sample period.,direct_factual_extraction,0.76,"[""57867d7a18d8f858""]",P1,做边界复核，确认是否属于 near_threshold_boundary
AAPL:2025Q4:reranker_template,cl_0003,AAPL revenue growth is estimated near 11.2% in the sample period.,direct_factual_extraction,0.76,"[""57867d7a18d8f858""]",P1,做边界复核，确认是否属于 near_threshold_boundary
GOOGL:2025Q4:bm25_real_writer,cl_0003,GOOGL revenue growth is estimated near 12.5% in the sample period.,direct_factual_extraction,0.76,"[""a51cd0bede664576""]",P1,做边界复核，确认是否属于 near_threshold_boundary
GOOGL:2025Q4:bm25_template,cl_0003,GOOGL revenue growth is estimated near 12.5% in the sample period.,direct_factual_extraction,0.76,"[""a51cd0bede664576""]",P1,做边界复核，确认是否属于 near_threshold_boundary
GOOGL:2025Q4:reranker_template,cl_0003,GOOGL revenue growth is estimated near 12.5% in the sample period.,direct_factual_extraction,0.76,"[""a51cd0bede664576""]",P1,做边界复核，确认是否属于 near_threshold_boundary
MSFT:2025Q4:bm25_real_writer,cl_0003,MSFT revenue growth is estimated near 14.8% in the sample period.,direct_factual_extraction,0.76,"[""8ddc653c96d1e8f2""]",P1,做边界复核，确认是否属于 near_threshold_boundary
MSFT:2025Q4:bm25_template,cl_0003,MSFT revenue growth is estimated near 14.8% in the sample period.,direct_factual_extraction,0.76,"[""8ddc653c96d1e8f2""]",P1,做边界复核，确认是否属于 near_threshold_boundary
MSFT:2025Q4:reranker_template,cl_0003,MSFT revenue growth is estimated near 14.8% in the sample period.,direct_factual_extraction,0.76,"[""8ddc653c96d1e8f2""]",P1,做边界复核，确认是否属于 near_threshold_boundary
NVDA:2025Q4:bm25_real_writer,cl_0003,NVDA revenue growth is estimated near 38.6% in the sample period.,direct_factual_extraction,0.76,"[""146fa48b0d7d49b0""]",P1,做边界复核，确认是否属于 near_threshold_boundary
NVDA:2025Q4:bm25_template,cl_0003,NVDA revenue growth is estimated near 38.6% in the sample period.,direct_factual_extraction,0.76,"[""146fa48b0d7d49b0""]",P1,做边界复核，确认是否属于 near_threshold_boundary
NVDA:2025Q4:reranker_template,cl_0003,NVDA revenue growth is estimated near 38.6% in the sample period.,direct_factual_extraction,0.76,"[""146fa48b0d7d49b0""]",P1,做边界复核，确认是否属于 near_threshold_boundary
TSLA:2025Q4:bm25_real_writer,cl_0003,TSLA revenue growth is estimated near 9.4% in the sample period.,direct_factual_extraction,0.76,"[""cc9c349d70f324e4""]",P1,做边界复核，确认是否属于 near_threshold_boundary
TSLA:2025Q4:bm25_template,cl_0003,TSLA revenue growth is estimated near 9.4% in the sample period.,direct_factual_extraction,0.76,"[""cc9c349d70f324e4""]",P1,做边界复核，确认是否属于 near_threshold_boundary
TSLA:2025Q4:reranker_template,cl_0003,TSLA revenue growth is estimated near 9.4% in the sample period.,direct_factual_extraction,0.76,"[""cc9c349d70f324e4""]",P1,做边界复核，确认是否属于 near_threshold_boundary
AAPL:2025Q4:bm25_template,cl_0008,AAPL currently has 6 evidence rows from 5 source types.,derived_aggregated,0.75,"[""2df4aaa2d036460b"", ""325dacc7e125bcea"", ""51e2d60dd503ed55"", ""57867d7a18d8f858"", ""6a0352640594b75d"", ""c9d82f339472b002""]",P2,标记 derived 审核候选，优先级次于 direct 误杀排查
AAPL:2025Q4:reranker_template,cl_0008,AAPL currently has 6 evidence rows from 5 source types.,derived_aggregated,0.75,"[""2df4aaa2d036460b"", ""325dacc7e125bcea"", ""51e2d60dd503ed55"", ""57867d7a18d8f858"", ""6a0352640594b75d"", ""c9d82f339472b002""]",P2,标记 derived 审核候选，优先级次于 direct 误杀排查
GOOGL:2025Q4:bm25_real_writer,cl_0008,GOOGL currently has 6 evidence rows from 5 source types.,derived_aggregated,0.75,"[""5a3c0aaf866a2f5e"", ""8a58c73d140c74ea"", ""954083df0399847f"", ""a51cd0bede664576"", ""b34424bc97499a34"", ""b517b1534a0547bd""]",P2,标记 derived 审核候选，优先级次于 direct 误杀排查
GOOGL:2025Q4:bm25_template,cl_0008,GOOGL currently has 6 evidence rows from 5 source types.,derived_aggregated,0.75,"[""5a3c0aaf866a2f5e"", ""8a58c73d140c74ea"", ""954083df0399847f"", ""a51cd0bede664576"", ""b34424bc97499a34"", ""b517b1534a0547bd""]",P2,标记 derived 审核候选，优先级次于 direct 误杀排查
GOOGL:2025Q4:reranker_template,cl_0008,GOOGL currently has 6 evidence rows from 5 source types.,derived_aggregated,0.75,"[""5a3c0aaf866a2f5e"", ""8a58c73d140c74ea"", ""954083df0399847f"", ""a51cd0bede664576"", ""b34424bc97499a34"", ""b517b1534a0547bd""]",P2,标记 derived 审核候选，优先级次于 direct 误杀排查
MSFT:2025Q4:bm25_real_writer,cl_0008,MSFT currently has 6 evidence rows from 5 source types.,derived_aggregated,0.75,"[""068f443c227bf863"", ""4b0a5e874323bad3"", ""534f0798a3b93e1a"", ""8ddc653c96d1e8f2"", ""8ed238e779bee6a0"", ""c72476ed1fa64360""]",P2,标记 derived 审核候选，优先级次于 direct 误杀排查
MSFT:2025Q4:bm25_template,cl_0008,MSFT currently has 6 evidence rows from 5 source types.,derived_aggregated,0.75,"[""068f443c227bf863"", ""4b0a5e874323bad3"", ""534f0798a3b93e1a"", ""8ddc653c96d1e8f2"", ""8ed238e779bee6a0"", ""c72476ed1fa64360""]",P2,标记 derived 审核候选，优先级次于 direct 误杀排查
MSFT:2025Q4:reranker_template,cl_0008,MSFT currently has 6 evidence rows from 5 source types.,derived_aggregated,0.75,"[""068f443c227bf863"", ""4b0a5e874323bad3"", ""534f0798a3b93e1a"", ""8ddc653c96d1e8f2"", ""8ed238e779bee6a0"", ""c72476ed1fa64360""]",P2,标记 derived 审核候选，优先级次于 direct 误杀排查
NVDA:2025Q4:bm25_real_writer,cl_0008,NVDA currently has 6 evidence rows from 5 source types.,derived_aggregated,0.75,"[""146fa48b0d7d49b0"", ""2898d4a68282a114"", ""555c227d7718d9fe"", ""64282ae95bea2c9f"", ""cec1408afefedaab"", ""fa921300c2e315e0""]",P2,标记 derived 审核候选，优先级次于 direct 误杀排查
NVDA:2025Q4:bm25_template,cl_0008,NVDA currently has 6 evidence rows from 5 source types.,derived_aggregated,0.75,"[""146fa48b0d7d49b0"", ""2898d4a68282a114"", ""555c227d7718d9fe"", ""64282ae95bea2c9f"", ""cec1408afefedaab"", ""fa921300c2e315e0""]",P2,标记 derived 审核候选，优先级次于 direct 误杀排查
NVDA:2025Q4:reranker_template,cl_0008,NVDA currently has 6 evidence rows from 5 source types.,derived_aggregated,0.75,"[""146fa48b0d7d49b0"", ""2898d4a68282a114"", ""555c227d7718d9fe"", ""64282ae95bea2c9f"", ""cec1408afefedaab"", ""fa921300c2e315e0""]",P2,标记 derived 审核候选，优先级次于 direct 误杀排查
TSLA:2025Q4:bm25_real_writer,cl_0008,TSLA currently has 6 evidence rows from 5 source types.,derived_aggregated,0.75,"[""0b890f4f667144bf"", ""64faa4f34f54c1c9"", ""926a1c3427ff800a"", ""c6e15c4f02099979"", ""cc9c349d70f324e4"", ""d3c148c4ac4747f0""]",P2,标记 derived 审核候选，优先级次于 direct 误杀排查
TSLA:2025Q4:bm25_template,cl_0008,TSLA currently has 6 evidence rows from 5 source types.,derived_aggregated,0.75,"[""0b890f4f667144bf"", ""64faa4f34f54c1c9"", ""926a1c3427ff800a"", ""c6e15c4f02099979"", ""cc9c349d70f324e4"", ""d3c148c4ac4747f0""]",P2,标记 derived 审核候选，优先级次于 direct 误杀排查
TSLA:2025Q4:reranker_template,cl_0008,TSLA currently has 6 evidence rows from 5 source types.,derived_aggregated,0.75,"[""0b890f4f667144bf"", ""64faa4f34f54c1c9"", ""926a1c3427ff800a"", ""c6e15c4f02099979"", ""cc9c349d70f324e4"", ""d3c148c4ac4747f0""]",P2,标记 derived 审核候选，优先级次于 direct 误杀排查
AAPL:2025Q4:bm25_template,cl_0002,AAPL gross margin is estimated near 46.8%.,direct_factual_extraction,0.78,"[""57867d7a18d8f858""]",P2,常规抽检，确认无误后可保持 none 占位
AAPL:2025Q4:reranker_template,cl_0002,AAPL gross margin is estimated near 46.8%.,direct_factual_extraction,0.78,"[""57867d7a18d8f858""]",P2,常规抽检，确认无误后可保持 none 占位
GOOGL:2025Q4:bm25_real_writer,cl_0002,GOOGL gross margin is estimated near 58.7%.,direct_factual_extraction,0.78,"[""a51cd0bede664576""]",P2,常规抽检，确认无误后可保持 none 占位
GOOGL:2025Q4:bm25_template,cl_0002,GOOGL gross margin is estimated near 58.7%.,direct_factual_extraction,0.78,"[""a51cd0bede664576""]",P2,常规抽检，确认无误后可保持 none 占位
GOOGL:2025Q4:reranker_template,cl_0002,GOOGL gross margin is estimated near 58.7%.,direct_factual_extraction,0.78,"[""a51cd0bede664576""]",P2,常规抽检，确认无误后可保持 none 占位
MSFT:2025Q4:bm25_real_writer,cl_0002,MSFT gross margin is estimated near 69.2%.,direct_factual_extraction,0.78,"[""8ddc653c96d1e8f2""]",P2,常规抽检，确认无误后可保持 none 占位
MSFT:2025Q4:bm25_template,cl_0002,MSFT gross margin is estimated near 69.2%.,direct_factual_extraction,0.78,"[""8ddc653c96d1e8f2""]",P2,常规抽检，确认无误后可保持 none 占位
MSFT:2025Q4:reranker_template,cl_0002,MSFT gross margin is estimated near 69.2%.,direct_factual_extraction,0.78,"[""8ddc653c96d1e8f2""]",P2,常规抽检，确认无误后可保持 none 占位
NVDA:2025Q4:bm25_real_writer,cl_0002,NVDA gross margin is estimated near 74.1%.,direct_factual_extraction,0.78,"[""146fa48b0d7d49b0""]",P2,常规抽检，确认无误后可保持 none 占位
NVDA:2025Q4:bm25_template,cl_0002,NVDA gross margin is estimated near 74.1%.,direct_factual_extraction,0.78,"[""146fa48b0d7d49b0""]",P2,常规抽检，确认无误后可保持 none 占位
NVDA:2025Q4:reranker_template,cl_0002,NVDA gross margin is estimated near 74.1%.,direct_factual_extraction,0.78,"[""146fa48b0d7d49b0""]",P2,常规抽检，确认无误后可保持 none 占位
TSLA:2025Q4:bm25_real_writer,cl_0002,TSLA gross margin is estimated near 19.6%.,direct_factual_extraction,0.78,"[""cc9c349d70f324e4""]",P2,常规抽检，确认无误后可保持 none 占位
TSLA:2025Q4:bm25_template,cl_0002,TSLA gross margin is estimated near 19.6%.,direct_factual_extraction,0.78,"[""cc9c349d70f324e4""]",P2,常规抽检，确认无误后可保持 none 占位
TSLA:2025Q4:reranker_template,cl_0002,TSLA gross margin is estimated near 19.6%.,direct_factual_extraction,0.78,"[""cc9c349d70f324e4""]",P2,常规抽检，确认无误后可保持 none 占位
AAPL:2025Q4:bm25_template,cl_0001,AAPL reported revenue around 126.3B in the available sample.,direct_factual_extraction,0.8,"[""57867d7a18d8f858""]",P2,常规抽检，确认无误后可保持 none 占位
AAPL:2025Q4:reranker_template,cl_0001,AAPL reported revenue around 126.3B in the available sample.,direct_factual_extraction,0.8,"[""57867d7a18d8f858""]",P2,常规抽检，确认无误后可保持 none 占位
GOOGL:2025Q4:bm25_real_writer,cl_0001,GOOGL reported revenue around 96.4B in the available sample.,direct_factual_extraction,0.8,"[""a51cd0bede664576""]",P2,常规抽检，确认无误后可保持 none 占位
GOOGL:2025Q4:bm25_template,cl_0001,GOOGL reported revenue around 96.4B in the available sample.,direct_factual_extraction,0.8,"[""a51cd0bede664576""]",P2,常规抽检，确认无误后可保持 none 占位
GOOGL:2025Q4:reranker_template,cl_0001,GOOGL reported revenue around 96.4B in the available sample.,direct_factual_extraction,0.8,"[""a51cd0bede664576""]",P2,常规抽检，确认无误后可保持 none 占位
MSFT:2025Q4:bm25_real_writer,cl_0001,MSFT reported revenue around 72.1B in the available sample.,direct_factual_extraction,0.8,"[""8ddc653c96d1e8f2""]",P2,常规抽检，确认无误后可保持 none 占位
MSFT:2025Q4:bm25_template,cl_0001,MSFT reported revenue around 72.1B in the available sample.,direct_factual_extraction,0.8,"[""8ddc653c96d1e8f2""]",P2,常规抽检，确认无误后可保持 none 占位
MSFT:2025Q4:reranker_template,cl_0001,MSFT reported revenue around 72.1B in the available sample.,direct_factual_extraction,0.8,"[""8ddc653c96d1e8f2""]",P2,常规抽检，确认无误后可保持 none 占位
NVDA:2025Q4:bm25_real_writer,cl_0001,NVDA reported revenue around 41.8B in the available sample.,direct_factual_extraction,0.8,"[""146fa48b0d7d49b0""]",P2,常规抽检，确认无误后可保持 none 占位
NVDA:2025Q4:bm25_template,cl_0001,NVDA reported revenue around 41.8B in the available sample.,direct_factual_extraction,0.8,"[""146fa48b0d7d49b0""]",P2,常规抽检，确认无误后可保持 none 占位
NVDA:2025Q4:reranker_template,cl_0001,NVDA reported revenue around 41.8B in the available sample.,direct_factual_extraction,0.8,"[""146fa48b0d7d49b0""]",P2,常规抽检，确认无误后可保持 none 占位
TSLA:2025Q4:bm25_real_writer,cl_0001,TSLA reported revenue around 28.7B in the available sample.,direct_factual_extraction,0.8,"[""cc9c349d70f324e4""]",P2,常规抽检，确认无误后可保持 none 占位
TSLA:2025Q4:bm25_template,cl_0001,TSLA reported revenue around 28.7B in the available sample.,direct_factual_extraction,0.8,"[""cc9c349d70f324e4""]",P2,常规抽检，确认无误后可保持 none 占位
TSLA:2025Q4:reranker_template,cl_0001,TSLA reported revenue around 28.7B in the available sample.,direct_factual_extraction,0.8,"[""cc9c349d70f324e4""]",P2,常规抽检，确认无误后可保持 none 占位
